Ticker,Band,Leader_Score_V2,Leverage,RS10_Pct,RS5_Pct,RVOL_Pct,RS3_Pct,DollarVolume_Pct,Close,ATR20,Sector,Stop_Price,Signal_Date,Regime,SPY_Close,SPY_SMA50,SPY_SMA200
MKTX,B,99.66,1.0,100.0,100.0,100.0,100.0,93.3,162.76,5.25775165,"SECURITY BROKERS, DEALERS & FLOTATION COMPANIES",152.24,2026-07-30,NEUTRAL,741.69,744.72,699.97
CORT,B,98.3,1.0,99.9,98.7,99.2,99.9,76.8,118.32,5.499104999999998,PHARMACEUTICAL PREPARATIONS,107.32,2026-07-30,NEUTRAL,741.69,744.72,699.97
EXLS,A,94.95,2.0,99.2,99.6,92.0,99.6,40.8,34.36,1.387,"SERVICES-BUSINESS SERVICES, NEC",31.59,2026-07-30,NEUTRAL,741.69,744.72,699.97
CTSH,A,93.1,2.0,99.3,99.3,72.8,98.8,81.7,53.895,2.3674600000000003,SERVICES-COMPUTER PROGRAMMING SERVICES,49.16,2026-07-30,NEUTRAL,741.69,744.72,699.97
GRMN,A,93.02,2.0,98.8,99.2,76.6,99.7,69.3,297.55,8.971745000000004,"SEARCH, DETECTION, NAVIGATION, GUIDANCE, AERONAUTICAL SYS",279.61,2026-07-30,NEUTRAL,741.69,744.72,699.97
LNC,A,92.98,2.0,94.2,93.4,97.7,98.4,56.2,46.02,1.3371600000000001,LIFE INSURANCE,43.35,2026-07-30,NEUTRAL,741.69,744.72,699.97
AVTR,A,92.77,2.0,99.5,98.6,78.7,99.4,52.9,13.86,0.622535,LABORATORY ANALYTICAL INSTRUMENTS,12.61,2026-07-30,NEUTRAL,741.69,744.72,699.97
REGN,A,92.76,2.0,92.5,93.9,91.8,97.9,88.8,738.34,19.559220000000018,Healthcare,699.22,2026-07-30,NEUTRAL,741.69,744.72,699.97
EPAM,A,92.53,2.0,98.7,98.1,80.6,97.8,51.8,103.66,4.943395000000001,SERVICES-COMPUTER PROGRAMMING SERVICES,93.77,2026-07-30,NEUTRAL,741.69,744.72,699.97
